City,Outlet Name,URL,Notes
"Acworth, GA",Acworth Patch,http://patch.com/georgia/acworth,
"Alton, IL",AdVantage News,http://advantagenews.com/,
"Alton, IL",Alton Telegraph,http://thetelegraph.com/,
"Alton, IL",Alton Daily News,http://www.altondailynews.com/,
"Alton, IL",Riverbender.com,http://www.riverbender.com/,
"Alton, IL",WBGZ AM 1570,http://www.wbgzradio.com/,
"Ann Arbor, MI",Ann Arbor Observer,http://annarborobserver.com/articles/front_page.html,
"Ann Arbor, MI",WEGV-LP FM 102.3,http://goodvibe.fm/,No alternative URL. No news on site though
"Ann Arbor, MI",MGoBlog,http://mgoblog.com/,
"Ann Arbor, MI",WUOM FM 91.7,http://michiganradio.org/#stream/0,
"Ann Arbor, MI",Native American Netroots,http://nativeamericannetroots.net/,
"Ann Arbor, MI",Vacuum weblog for Edward Vielmetti,http://vielmetti.github.io/,
"Ann Arbor, MI",WLBY AM 1290,http://www.1290wlby.com/,
"Ann Arbor, MI",A2Politico,http://www.a2politico.com/,
"Ann Arbor, MI",Ann Arbor Business Review Magazine,http://www.annarborbusinessmagazine.com/,
"Ann Arbor, MI",WQKL FM 107.1,http://www.annarbors107one.com/,
"Ann Arbor, MI",Community Television Network,http://www.ctnannarborblog.org/,
"Ann Arbor, MI",Damn Arbor,http://www.damnarbor.com/,
"Ann Arbor, MI",Ann Arbor News (redirects from AnnArbor.com),http://www.mlive.com/ann-arbor/,
"Ann Arbor, MI",Between the Lines (known as PrideSource online),http://www.pridesource.com/,
"Ann Arbor, MI",WFHD TV 27,http://www.tct.tv/,
"Ann Arbor, MI",Ann Arbor Jounral (A2) (now named The News Herald?),http://www.thenewsherald.com/,
"Ann Arbor, MI",WWWW FM 102.9,http://www.w4country.com/,
"Ann Arbor, MI",WAAM AM 1600,http://www.waamradio.com/,
"Ann Arbor, MI",WCBN-FM 88.3,http://www.wcbn.org/,
"Ann Arbor, MI",WTKA AM 1050,http://www.wtka.com/,
"Ann Arbor, MI",WDEO AM 990,https://avemariaradio.net/wdeo-990-am/,
"Ann Arbor, MI",Local in Ann Arbor,https://localinannarbor.com/,
"Ann Arbor, MI",Michigan Daily,https://www.michigandaily.com/,
"Antioch, CA",Antioch Herald,http://antiochherald.com/,
"Antioch, CA",East County Today,http://eastcountytoday.net/,
"Antioch, CA",KITS-FM4,http://live105.cbslocal.com/,
"Antioch, CA",East County Times,http://www.eastbaytimes.com/east-county-times,
"Antioch, CA",Antioch Press,http://www.thepress.net/,
"Apple Valley, CA",K246CL 97.1 FM,http://amp.cbslocal.com/,
"Apple Valley, CA",KWRN AM 1550,http://kwrn1550am.com/,
"Apple Valley, CA",Apple Valley Review,http://www.applevalley-review.com/,
"Apple Valley, CA",K210DL 89.9 FM,http://www.effectradio.com/,
"Apple Valley, CA",Lucerne Valley Leader,http://www.lucernevalleyleader.com/,
"Apple Valley, CA",KIXW AM 960,http://www.talk960.com/,
"Apple Valley, CA",KZXY FM 102.3,http://www.y102fm.com/,
"Bay City, MI",Bay City Democrat and the Bay County Legal News,http://www.bclegalnews.com/,
"Bay City, MI",WUCX FM 90.1,http://www.deltabroadcasting.org/home/,
"Bay City, MI",WLKB FM 89.1,http://www.klove.com/,
"Bay City, MI",The Bay City Times (online at MLive),http://www.mlive.com/bay-city/,
"Bay City, MI",WHNN FM 96.1,http://www.my961.com/,
"Bay City, MI",My Bay City,http://www.mybaycity.com,
"Bay City, MI",WBSF TV 46,http://www.thecw46.com/,
"Bay City, MI",WCHW FM 91.3,http://www.wchwonline.freewebspace.com/,
"Bay City, MI",WIOG FM 102.5,http://www.wiog.com/,
"Bay City, MI",WNEM TV 5,http://www.wnem.com/,
"Beavercreek, OH",WZDA FM 103.9,http://altdayton.iheart.com/,
"Beavercreek, OH",Beavercreek News Current,http://beavercreeknewscurrent.com/,
"Beavercreek, OH",Beavercreek Record,http://beavercreekrecord.com/,
"Beavercreek, OH",The Bearvercreek Ohio Buzz,https://www.facebook.com/The-Beavercreek-Ohio-Buzz-219750630759/,
"Belmont, CA",Belmont Patch,http://patch.com/california/belmont-ca,
"Beverly, MA",BevCam,http://bevcam.org/,
"Beverly, MA",Beverly Citizen,http://beverly.wickedlocal.com/,
"Beverly, MA",Beverly Patch,http://patch.com/massachusetts/beverly,
"Beverly, MA",The Salem News,http://www.salemnews.com/,
"Biddeford, ME",Biddeford Courier,http://courier.mainelymediallc.com/,
"Biddeford, ME",South Portland Sentry,http://sentry.mainelymediallc.com/,
"Biddeford, ME",WCYY FM 94.3,http://wcyy.com/,
"Biddeford, ME",WGIN 1400 AM,http://wgan.com/,
"Biddeford, ME",York County Journal Tribune,http://www.journaltribune.com/,
"Biddeford, ME",WMEA TV 45,http://www.mpbn.net/,
"Boulder, CO",K231AA 94.1 FM,http://957theparty.iheart.com/,
"Boulder, CO",Bizwest,http://bizwest.com/,
"Boulder, CO",KJAC FM 105.5,http://coloradosound.org/,
"Boulder, CO",CU Independent,http://cuindependent.com/,
"Boulder, CO",Boulder Magazine,http://getboulder.com/,
"Boulder, CO",KBCO FM 97.3,http://kbco.iheart.com/,
"Boulder, CO",New West,http://newwest.net/,
"Boulder, Co",KTFD-DTV 14,http://noticias.entravision.com/colorado/,New URL
"Boulder, CO",Street Fight,http://streetfightmag.com/,
"Boulder, CO",Boulder 50 Plus Marketplace News,http://www.50plusmarketplacenews.com/,
"Boulder, CO",KWOF 101.7 FM,http://www.925thewolf.com/,
"Boulder, CO",KXPK 96.5 FM,http://www.965tricolor.com/,
"Boulder, CO",KBFR FB 95.3,http://www.boulderfreeradio.org/,
"Boulder, CO",Boulder Weekly,http://www.boulderweekly.com/,
"Boulder, CO",Colorado Daily,http://www.coloradodaily.com/,
"Boulder, CO",KCFC AM 1490,http://www.cpr.org/,
"Boulder, CO",KVOQ 102.3 FM,http://www.cpr.org/openair,
"Boulder, CO",K48MN-D TV 12,http://www.cpt12.org/,
"Boulder, CO",Boulder Daily Camera,http://www.dailycamera.com/,
"Boulder, CO",KGNU AM 1390,http://www.kgnu.org/,
"Boulder, CO",KGNU FM 88.5,http://www.kgnu.org/,
"Boulder, CO",KVKL 105.1 FM,http://www.kool105.com/,
"Boulder, CO",KYGO 98.5 FM,http://www.kygo.com/,
"Boulder, CO",KIMN 100.3 FM,http://www.mix100.com/,
"Boulder, CO",Mountain Gazette Magazine,http://www.mountaingazette.com/,
"Boulder, CO",OutBoulder,http://www.outboulder.org/blog,
"Boulder, CO",KVCU AM 1190,http://www.radio1190.org/,
"Boulder, CO",K24HQ-D TV 6,http://www.rmpbs.org/home/,
"Boulder, CO",Rooster Magazine,http://www.therooster.com/,
"Bozeman, MT",Bozeman Magazine,http://bozemanmagazine.com/,
"Bozeman, MT",KGVM-LP 95.9,http://gallatincommunityradio.org/,
"Bozeman, MT",KJZS-LP 106.3 FM,http://gbcmt.org/services/Radio,
"Bozeman, MT",KBOZ-FM 99.9,http://kboz.com/,
"Bozeman, MT",KOBB-AM 1230,http://kboz.com/,
"Bozeman, MT",KOBB-FM 93.7,http://kboz.com/,
"Bozeman, MT",KBOZ-AM 1090,http://kboz.com/,
"Bozeman, MT",KMMS-AM 1450,http://kmmsam.com/,
"Bozeman, MT",KMMS-FM 95.1,http://mooseradio.com/,
"Bozeman, MT",KZMY-FM 103.5,http://my1035.com/,
"Bozeman, MT",KWYB-TV 19,http://www.abcfoxmontana.com/,
"Bozeman, MT",Bozeman Magpie,http://www.bozeman-magpie.com/,
"Bozeman, MT",Bozeman Daily Chronicle,http://www.bozemandailychronicle.com/,
"Bozeman, MT",K268AS 101.5 FM,http://www.csnradio.com/,
"Bozeman, MT",KBZK-TV 7,http://www.kbzk.com/,
"Bozeman, MT",KGLT-FM 91.9,http://www.kglt.net/,
"Bozeman, MT",KLBZ-FM 89.3,http://www.klove.com/,
"Bozeman, MT","KOFK-LP 88.5, 98.3",http://www.kofkradio.org/,
"Bozeman, MT",KUSM-TV 9,http://www.montanapbs.org/,
"Bozeman, MT",KDBZ-TV 6,http://www.nbcmontana.com/,
"Bozeman, MT",KZBN-FM 90.3,http://www.radio74.net/,
"Bozeman, MT",Gallatin County News,http://www.thegallatincountynews.com/pages/index.php,
"Bozeman, MT",K262AZ 100.3 FM,http://www.ynop.org/,
"Bozeman, MT",KBMC-FM 102.1,http://ypradio.org/,
"Bozeman, MT",KJCQ-TV 40,tbn.org,
"Cedar Falls, IA",KHKE FM 89.5,http://iowapublicradio.org/,
"Cedar Falls, IA",KUNI FM 90.9,http://iowapublicradio.org/,
"Cedar Falls, IA",KOEL 98.5 FM,http://k985.com/,
"Cedar Falls, IA",Cedar Falls Patch,http://patch.com/iowa/cedarfalls,
"Cedar Falls, IA",Waterloo Cedar Falls Courier,http://wcfcourier.com/,
"Cedar Falls, IA",KCNZ AM 1650,http://www.1650thefan.com/,
"Cedar Falls, IA",KCFI AM 1250,http://www.kcfiradio.com/,
"Cedar Falls, IA",Northern Iowan,http://www.northerniowan.com/,
"Cedar Falls, IA",KULT-LP FM 94.5,https://www.uni.edu/kult/,
"Charleston, IL",W227CR 93.3 FM,http://covnetpres.org/,
"Charleston, IL",Journal Gazette & Times Courier,http://jg-tc.com/,
"Charleston, IL",WZGL FM 88.1,http://wbgl.org/,
"Charleston, IL",The Daily Eastern News,http://www.dailyeasternnews.com/,
"Charleston, IL",WWGO FM 92.1,http://www.myradiolink.com/,
"Charleston, IL",W213AW 90.5 FM,http://www.vcyamerica.org/,
"Charleston, IL",WEIU FM 88.9,http://www.weiu.net/,
"Charleston, IL",WEIU TV 51,http://www.weiu.net/,
"Cicero, IL",Town of Cicero News Wire,http://ciceronewswire.blogspot.com/,
"Cicero, IL",WLEY 107.9 FM,http://laley1079.lamusica.com/,
"Cicero, IL",WRLL AM 1450,http://wrll1450.com/,
"Cicero, IL",Lawndale News,http://www.lawndalenews.com/,
"Cicero, IL",WCEV AM 1450,http://www.wcev1450.com/,
"Coppell, TX",Coppell Student Media,http://coppellstudentmedia.com/,
"Coppell, TX",Coppell Gazette,http://starlocalmedia.com/coppellgazette/,
"Coppell, TX",Coppell Citizens Advocate,http://www.coppellcitizensadvocate.com/,
"Coppell, TX",Coppell on Bubble Life,https://coppell.bubblelife.com/,
"Corona, CA",Punjab Star News,http://punjabstarnews.com/,
"Corona, CA",InnerCircle Corona,http://www.innercirclecorona.com/,
"Corona, CA",KWRM-AM 1370,http://www.kwrm1370am.com/,
"Corona, CA",Life in Corona,http://www.lifeincorona.com/,
"Corona, CA",KGIC-LP 105.5 FM,http://www.radioimpacto.org/,
"Corona, CA",KVEA TV 52,http://www.telemundo52.com/,
"Corona, CA",The Sentinel Weekly,http://www.thesentinelweekly.com/,
"Cottage Grove, MN",K278BP KFXN 100.3,http://kfan.iheart.com/,
"Cottage Grove, MN",South Washington County Bulletin,http://www.swcbulletin.com/,
"Darien, IL",Darien Patch,http://patch.com/illinois/darien-il,
"Dover, DE",WDDE FM 91.1,delawarepublic.org/,
"Dover, DE",Delaware State News and Maryland State News,http://delawarestatenews.net/,
"Dover, DE",W277AH 103.3 FM,http://wceiradio.com/,
"Dover, DE",WDSD FM 94.7,http://wdsd.iheart.com/,
"Dover, DE",WRTX FM 91.7,http://wrti.org/,
"Dover, DE",WIHW-LP 96.1,http://www.cbcofdover.com/,
"Dover, DE",Delaware Politics,http://www.delawarepolitics.net/,
"Dover, DE",Dover Post,http://www.doverpost.com/,
"Dover, DE",W281BD 104.1 FM,http://www.espn930.com/,
"Dover, DE",W294BN 106.7 FM,http://www.myreachradio.com/,
"Dover, DE",WMDE TV 36,http://www.wmdetv.com/,
"Dover, DE",WEVD-LP,http://www.wmdt.com/,
"Dover, DE",Caesar Rodney Institute Blog,https://criblog.wordpress.com/,
"Dover, DE",WDOV AM 1410,wdov.iheart.com/,
"East St. Louis, IL",WCBW FM 89.1,http://wbgl.org/,
"East St. Louis, IL",WXOS 101.1 FM,http://www.101sports.com/,
"East St. Louis, IL",The East St. Louis Monitor,http://www.estlmonitor.com/,Reach out for permission? Or just do manually?
"East St. Louis, IL",WQQX AM 1490,http://www.wqqx1490am.com/,
"Elizabethtown, KY",WKUE FM 90.9,http://wkyufm.org/,
"Elizabethtown, KY",Fort Knox Gold Standard,http://www.fkgoldstandard.com/,
"Elizabethtown, KY",WKZT TV 23 (PBS),http://www.ket.org/,
"Elizabethtown, KY",WQXE FM 98.3,http://www.quicksie983.com/,
"Elizabethtown, KY",The News-Enterprise,http://www.thenewsenterprise.com/,
"Elizabethtown, KY",W222CD 92.3 FM,http://www.waky1035.com/,
"Elizabethtown, KY",W283AK 104.5 FM,http://www.wolf943.com/,
"Elmwood Park, IL",Elm Leaves,http://www.chicagotribune.com/suburbs/elmwood-park/,
"Faribault, MN",KDHL AM 920,http://kdhlradio.com/,
"Faribault, MN",KQCL FM 95.9,http://power96radio.com/,
"Faribault, MN",Faribault County Register,http://www.faribaultcountyregister.com/,
"Faribault, MN",KBGY FM 107.5,http://www.mybobcountry.com/,
"Faribault, MN",Faribault Daily News,http://www.southernminn.com/faribault_daily_news/,
"Flower Mound, TX",Flower Mound Leader,http://starlocalmedia.com/theleader/,
"Flower Mound, TX",The Cross Timbers Gazette,http://www.crosstimbersgazette.com/,
"Flower Mound, TX",WTCK 96.7 FM,http://www.theticket.com/,
"Garfield Heights, OH",The Neighborhood News: The Garfield Heights Tribune,http://www.theneighborhoodnews.com/,
"Glendale, AZ",Joyce Clark Unfiltered,http://joyceclarkunfiltered.com/,
"Glendale, AZ",KTAR FM 92.3,http://ktar.com/,
"Glendale, AZ",Glendale Star,http://www.glendalestar.com/,
"Glendale, AZ",KLNZ FM 103.5,http://www.tricolor1035.com/,
"Glendale, AZ",KHOT 105.9 FM,http://www.univision.com/arizona/khot,
"Glendale, AZ",Glendale Today (on YourWestValley.com; redirect),http://www.yourwestvalley.com/your_town/glendale/,
"Glendale, AZ",Visit Glendale and the West Valley,https://visitglendale.wordpress.com/,
"Glendale, CA",Glendale Daily Planet,http://glendaledailyplanet.com/,
"Glendale, CA",KPXQ AM 1360,http://www.faithtalk1360.com/,
"Glendora, CA",Glendora City News,http://glendoracitynews.com/,
"Glendora, CA",Glendora Patch,http://patch.com/california/glendora,
"Glendora, CA",Glendora Community News,http://www.glendoracommunitynews.com/,
"Glendora, CA",San Gabriel Valley Examiner,http://www.sgvexaminer.com/home.htm,
"Glendora,CA",San Gabriel Valley Tribune (Glendora/San Dimas/La Verne Highlander),http://www.sgvtribune.com/,
"Golden Valley, MN",K214DF 90.7 FM,http://myfaithradio.com/,
"Golden Valley, MN",Golden Valley Patch,http://patch.com/minnesota/goldenvalley,
"Golden Valley, MN",New Hope-Golden Valley Sun Post,http://post.mnsun.com/new-hope/,
"Golden Valley, MN",KDIZ AM 1570,http://twincitieswellnessradio.com/,
"Golden Valley, MN",KQRS-FM 92.5,http://www.92kqrs.com/,
"Golden Valley, MN",KYCR AM 1440,http://www.twincitiesbusinessradio.com/,
"Grand Rapids, MI",WBFX FM 101.3,http://1013thebrew.iheart.com/,
"Grand Rapids, MI",3ABN,http://3abn.org/,
"Grand Rapids, MI",W231DD 94.1 FM (WVIC Lansing rebroadcast),http://941theduke.com/,
"Grand Rapids, MI",WBCT FM 93.7,http://b93.iheart.com/,
"Grand Rapids, MI",WBLU FM 88.9,http://bluelake.org/radio/index.php,
"Grand Rapids, MI",WMAX AM 1440,http://espn961.iheart.com/,
"Grand Rapids, MI",WXMI TV 17,http://fox17online.com/,
"Grand Rapids, MI",Lazo Cultural,http://lazocultural.com/,
"Grand Rapids, MI",WJWC-LP,http://life973.com/,
"Grand Rapids, MI",WSNH-LP 103.9,http://loveatthecross.com/,
"Grand Rapids, MI",WVGR FM 104.1,http://michiganradio.org/,
"Grand Rapids, MI",W227CG 93.3 FM,http://miradiopoderosa.com/,
"Grand Rapids, MI",WLHT-FM 95.7,http://mychannel957.com/,
"Grand Rapids, MI",WTRV-FM,http://rivergrandrapids.com/,
"Grand Rapids, MI","Great Lakes, Great Times, Great Scott",http://scottyurb.blogspot.com/,
"Grand Rapids, MI",WNWZ 1410 AM,http://touch1410.com/,
"Grand Rapids, MI",WSRW FM 105.7,http://westmichiganstar.iheart.com/,
"Grand Rapids, MI",WFGR FM 98.7,http://wfgr.com/,
"Grand Rapids, MI",WGRD-FM 97.9,http://wgrd.com/,
"Grand Rapids, MI",WGVU AM 1480,http://wgvu2.org/realoldies/,
"Grand Rapids, MI",WOOD AM 1300,http://woodradio.iheart.com/,
"Grand Rapids, MI",WOOD TV 8,http://woodtv.com/,
"Grand Rapids, MI",WOTV TV 4,http://wotv4women.com/,
"Grand Rapids, MI",WTKG AM 1230,http://wtkg.iheart.com/,
"Grand Rapids, MI",WJRW AM 1340,http://www.1340wjrw.com/,
"Grand Rapids, MI",W252DG 98.3 FM (WLCS rebroadcast),http://www.983wlcs.com/,
"Grand Rapids, MI",Calvin College Chimes,http://www.calvin.edu/chimes/,
"Grand Rapids, MI",Herald Review,http://www.grandrapidsmn.com/,
"Grand Rapids, MI",Grand Rapids Business Journal,http://www.grbj.com/,
"Grand Rapids, MI",GRTV,http://www.grcmc.org/grtv,
"Grand Rapids, MI",GRNow,http://www.grnow.com/,
"Grand Rapids, MI",Grand Rapids Times,http://www.grtimes.com/,
"Grand Rapids, MI",If the River Swells,http://www.iftheriverswells.com/,
"Grand Rapids, MI",West Michigan Business Review Magazine,http://www.mlive.com/businessreview/,
"Grand Rapids, MI",Grand Rapids Press,http://www.mlive.com/grand-rapids/,
"Grand Rapids, MI",W237CZ 95.3 FM (WPRR rebroadcast),http://www.publicrealityradio.org/,
"Grand Rapids, MI",WRVU-LP,http://www.radiovisioncdr.com/,
"Grand Rapids, MI",WCXG FM 89.7 FM,http://www.strongtowerradio.org/,
"Grand Rapids, MI",WTLJ TV 54,http://www.tct.tv/,
"Grand Rapids, MI",Rapidian,http://www.therapidian.org/,
"Grand Rapids, MI",WBBL FM 107.3,http://www.wbbl.com/,
"Grand Rapids, MI",WCSG FM 91.3,http://www.wcsg.org/,
"Grand Rapids, MI",WFUR-FM 102.9,http://www.wfuramfm.com/,
"Grand Rapids, MI",WFUR- AM 1570,http://www.wfuramfm.com/,
"Grand Rapids, MI",WGVU TV 35,http://www.wgvu.org/home/,
"Grand Rapids, MI",WLAV-FM 96.9,http://www.wlav.com/,
"Grand Rapids, MI",WZZM TV 13,http://www.wzzm13.com/,
"Grand Rapids, MI",W235BN 94.9 FM (WYGR),http://wygr.net/,
"Grand Rapids, MI",MiBiz,https://mibiz.com/,
"Grand Rapids, MI",Aquinas College Saint,https://thesaintaq.com/,
"Hemet, CA",K250BG 97.9 FM,http://www.kdkr.org/,
"Hemet, CA",The Valley Chronicle,http://www.thevalleychronicle.com/,
"Henderson, KY",WGBF FM 103.1 Rock,http://103gbfrocks.com/,
"Henderson, KY",WKDQ FM 99.5 Country Music,http://wkdq.com/,
"Henderson, KY",WKPB FM 89.5 Western Kentucky University,http://wkyufm.org/,
"Henderson, KY",WSON AM 860 and w243CU FM (WSON) 96.5,http://wsonradio.com/,
"Henderson, KY",The Gleaner,http://www.thegleaner.com/,
"Henderson, KY",WTVW TV 7,http://www.tristatehomepage.com/,
"Henderson, KY",WEHT TV 25,http://www.tristatehomepage.com/,
"Henderson, KY",Henderson Watch,https://www.facebook.com/HendersonWatch,
"Holladay, UT",K288GY (KCPW) 105.5 Public Media,http://kcpw.org/,
"Holladay, UT",Cottonwood-Holladay Journal,http://www.cottonwoodholladayjournal.com/,
"Hurst, TX",KMNY AM 1360,http://www.lavoz1360dallas.com/,
"Issaquah, WA",Sammamish-Issaquah Patch,http://patch.com/washington/sammamish,
"Issaquah, WA",The Issaquah Press,http://www.eastofseattle.news/issaquah/,
"Issaquah, WA",Issaquah 360,http://www.issaquah360.com/,
"Issaquah, WA",Issaquah/Sammamish Reporter,http://www.issaquahreporter.com/,
"Keene, NH",Free Press Publications,http://fpp.cc/,
"Keene, NH",FPPradioNews,http://fppradio.com/,
"Keene, NH",Free Keene,http://freekeene.com/,
"Keene, NH",Keene State College Equinox,http://kscequinox.com/,
"Keene, NH",WEVN FM 90.7 New Hampshire Public Radio,http://nhpr.org/,
"Keene, NH",WSNI FM 97.7 Sunny 97,http://sunnykeene.com/,
"Keene, NH",WZBK AM 1290;,http://wkbkradio.com/,
"Keene, NH",W298BT WKBK FM 107.5,http://wkbkradio.com/,
"Keene, NH",w256BJ FM 99.1 Classic Hits,http://wkne.com/,
"Keene, NH",WKNE FM 103.7 Oldies,http://wkne.com/,
"Keene, NH",W288BN FM 105.5 WYRY Country,http://www.1049nashiconradio.com/,
"Keene, NH",W281AU FM 104.1 WZBK,http://www.1490wkvt.com/,
"Keene, NH",WEKW New Hampsure Public Television,http://www.nhptv.org/,
"Keene, NH",Keene Sentinel,http://www.sentinelsource.com/,
"Keene, NH",Monadnock Shopper News,http://www.shoppernews.com/,
"Keene, NH",W293AB FM 106.5 WHDQ,http://www.theqrocks.com/,
"Keene, NH",WKNH FM 91.3 Keene State College,http://www.wknh.org/,
"Keene, NH",Free Talk Radio Live Blog,https://www.freetalklive.com/,
"Kingsville, TX",KINE AM 1330,http://www.hawaiian105.com/,
"Kingsville, TX",KFTX FM 97.5 Real Country,http://www.kftx.com/,
"Kingsville, TX",Kingsville Record and Bishop News,http://www.kingsvillerecord.com/,
"Kingsville, TX",K31KK-D Transmit channel 31 KDF,http://www.kristv.com/category/293859/kdf,
"Kingsville, TX","KTAI FM 91.1 Texas A&M, Kingsville",http://www.ktaifm.com/,
"Kingsville, TX",K226BA FM 93.1 WKLBD,http://www.radiolibertad.net/,
"Kingsville, TX",KKBA FM 92.7,http://www.rock927.com/,
"Kingsville, TX",The South Texan: Texas A&M - Kingsville,http://www.southtexannews.com/,
"La Crosse, WI",La Crosse Catholic Times,http://catholiclife.diolc.org/,
"La Crosse, WI",The La Crosse Tribune,http://lacrossetribune.com/,
"La Crosse, WI",K250AZ WTPM FM 97.9 Prayz Network,http://prayznetwork.com/,
"La Crosse, WI",University of Wisconsin-LaCrosse - UWLAX Racquet,http://theracquet.org/,
"La Crosse, WI",WHLA-TV 31 State of WI - Ed Comm. Board,http://wpt.org/,
"La Crosse, WI",WIZM-FM 92.3,http://www.1410wizm.com/,
"La Crosse, WI",FM 93.3,http://www.1410wizm.com/,
"La Crosse, WI",AM K222AG 1410 AM,http://www.1410wizm.com/,
"La Crosse, WI",WLFN AM 1490 Today's Talk 1490,http://www.1490wlfn.com/,
"La Crosse, WI",WKTY AM 580 Family Radio,http://www.580wkty.com/,
"La Crosse, WI",WRQT FM 95.7 Rock Station,http://www.957therock.com/,
"La Crosse, WI",Coulee Parenting Connection,http://www.cpclax.com/,
"La Crosse, WI",WQCC FM 106.3 Mississippi,http://www.kicks1063.com/,
"La Crosse, WI","W299AC KQYB FM 107.7 Family Radio, Inc.",http://www.kq98.com/,
"La Crosse, WI",W50DR-D KTTC Transmit 50 NBC,http://www.kttc.com/,
"La Crosse, WI",WKBT-DT QueenB Television,http://www.news8000.com/,
"La Crosse, WI",WLAX - 25 Nexstar Broadcasting,http://www.wiproud.com/,
"La Crosse, WI",WLXR-FM 104.9 Mississippi Valley,http://www.wlxr.com/,
"La Crosse, WI",WHLA FM 90.3 Univ.,http://www.wpr.org/whla-fm-903-la-crosse,
"La Crosse, WI",WLSU 88.9 State of WI,http://www.wpr.org/wlsu-fm-889-la-crosse,
"La Crosse, WI",K229BH WWIB FM 93.7 W. WI Inspirational,http://www.wwib.com/,
"La Crosse, WI",WXOW DTV 19,http://www.wxow.com/,
"La Porte, IN",WCOE FM 96.7 Country,http://wcoefm.com/,
"La Porte, IN",WJCH FM 106.9 Religious,http://www.familyradio.org/,
"La Porte, IN",LaPorte Herald-Argus,http://www.heraldargus.com/,
"La Porte, IN",WLOI AM 1540 Nostalgia,https://www.facebook.com/pages/Wloi-AM-1540/117533534975327,
"La Vergne, TN",WBUZ 102.9 The Buzz,http://www.1029thebuzz.com/,
"Laredo, TX",KLMV-LD TV Salazar,http://buenav.net/,
"Laredo, TX",De Laredo Blog,http://delaredo.blogspot.com/,
"Laredo, TX",KHOY FM 88.1 Catholic Communications,http://khoy.org/,
"Laredo, TX",El Manana/Laredo Sun,http://laredosun.us/,
"Laredo, TX",KLDO-DTV Entravision Holdings 27,http://noticias.entravision.com/laredo/,
"Laredo, TX",KETF-CD Extravision 31,http://noticias.entravision.com/laredo/,
"Laredo, TX",KLNT AM 1490,http://www.1490therodeo.com/,
"Laredo, TX",KRRG FM 98.1 Encarnacion A. Guerra,http://www.bigbuck98.com/,
"Laredo, TX",KQUR FM 94.9 Border Broadcasters,http://www.digital949.com/,
"Laredo, TX",KNEX FM 106.1 MBM Radio Larado,http://www.hot1061.net/,
"Laredo, TX",KBNL FM 89.9 World Radio Network Inc,http://www.kbnl.org/,
"Laredo, TX",KGNS 8 NBC,http://www.kgns.tv/,
"Laredo, TX",KBDR-FM1 100.5,http://www.laley1005.com/,
"Laredo, TX",Laredo Morning Times,http://www.lmtonline.com/,
"Laredo, TX",El Tiempo de Laredo,http://www.lmtonline.com/el_tiempo/,
"Laredo, TX",KXOF-CD Extravision Fox 39,http://www.mylaredofox.com/,
"Laredo, TX",KLAR AM 1300 Faith and Power Comm Inc,http://www.radiopoder1300.com/,
"Laredo, TX",The Bridge: Texas A&M International Univ.,http://www.thebridgenewspaper.com/,
"Laredo, TX",KJBZ FM 92.7 Encarnacion A. Guerra,http://www.z93laredo.com/,
"Lauderdale Lakes, FL",W245 96.9 FM,http://wsbrradio.com/,
"Lauderdale Lakes, FL",740 AM,http://wsbrradio.com/,
"Loves Park, IL",WKGL FM 96.7 The Eagle,http://967theeagle.net/,
"Loves Park, IL",WILV FM 91.1 Christian K Love,http://www.klove.com/,
"Loves Park, IL",W263BJ FM 100.5 Mid-way radio/ WNTA 1330 AM,http://www.lamovidaradiorockford.com/,
"Marietta, GA",W222AF (WGST) 92.3,http://640wgst.iheart.com/,
"Marietta, GA",W286AZ (WFOM) (CP) 106.3 and WFOM 1230 AM,http://atlantassportsstation.com/,
"Marietta, GA",Marietta Patch,http://patch.com/georgia/marietta,
"Marietta, GA",WFTD 1080 AM Viet Song Media,http://vietsongmedia.com/,
"Marietta, GA",The Bright Side: Marietta and Power Springs Community Newspaper,http://www.brightsidenews.com/marpsnews.html,
"Marietta, GA",Marietta Daily Journal,http://www.mdjonline.com/,
"Marietta, GA",Cobb Business Journal,http://www.mdjonline.com/cobb_business_journal/,
"Marietta, GA",Cobb Football Friday,http://www.mdjonline.com/cobb_football_friday/,
"Marietta, GA",Neighbor News,http://www.mdjonline.com/neighbor_newspapers/,
"Marietta, GA",Tidbits of Marietta,http://www.tidbitsweekly.com/publisher/tidbits_marietta/index.php?p=1_3_Read-Tidbits-Online,
"Marietta, GA",WKHX 101.5 FM,http://www.wkhx.com/,
"Marietta, GA",Cobb Life Magazine,https://cobblifemagazine.wordpress.com,
"Marion, OH",WDIF Marion's Radio station,http://975wdif.com/,
"Marion, OH",Ohio State at Marion News,http://osumarion.osu.edu/news/,
"Marion, OH",WOSB The Ohio State University,http://wosu.org/,
"Marion, OH",WWGH - Marion's LP Radio Station,http://wwgh1071.com/2016/,
"Marion, OH",WOCB-CD Central Ohio Association of Christian Broadcasters,http://www.coacb.org/,
"Marion, OH",Marion Online News,http://www.mariononline.com,
"Marion, OH",The Marion Star,http://www.marionstar.com,
"Marion, OH","WMNO-CD Positive News Network, Inc.",http://www.mariontv22.com/,
"Marion, OH",WXMF Kayser Broadcast Ministries Inc,http://www.newvision.fm/,
"Marion, OH",WZMO - Marion Community Radio,http://wzmofm.com/,
"Medford, OR",KOBI Channel 5 California Oregon Broadcasting NBC,http://kobi5.com/,
"Medford, OR",KTVL Channel 10 CBS,http://ktvl.com/,
"Medford, OR",KRTA AM 610 Opus,http://opusradio.com/610am/,
"Medford, OR",KEZX AM 730 Opus,http://opusradio.com/730am/,
"Medford, OR",KIFS 107.5 FM KISS,http://www.107kiss.com/,
"Medford, OR",KIFS 107.5 FM KISS,http://www.107kiss.com/,
"Medford, OR",K23EX-D Better Life TV Transmit 23,http://www.betterlifetv.tv/,
"Medford, OR",K25IM-D Better Life TV Transmit 25,http://www.betterlifetv.tv/,
"Medford, OR",KMVU-DT Ch. 26 Fox,http://www.fox26medford.com/,
"Medford, OR",KCMX 880,http://www.kcmxam.com/,
"Medford, OR",KDRV Channel 12 Oregon TV ABC,http://www.kdrv.com/,
"Medford, OR",KFBI-LD My Network TV 48,http://www.kfbimy48.com/,"LPTV station, site down, no alternate"
"Medford, OR",KMED AM 1440 Biocoastal,http://www.kmed.com/,
"Medford, OR",Mail Tribune,http://www.mailtribune.com/,
"Medford, OR",Medford Nickel Classifieds,http://www.medfordnickel.com/,
"Medford, OR",KMCW-LP Broadcasting Licenses MundoMax,http://www.mundomax.com/,
"Medford, OR",KDOV 91.7 FM and,http://www.thedove.us/,
"Medford, OR",K221FM 92.1 Translator,http://www.thedove.us/,
"Medford, OR",KDOV- LP UCB Transmit 44 (theDove TV),http://www.thedove.us/,
"Medford, OR",KDOV 91.7 FM,http://www.thedove.us/,
"Menlo Park, CA",InMenlo,http://inmenlo.com/,
"Menlo Park, CA",Menlo Park-Atherton Patch,http://patch.com/california/menlopark-atherton,
"Menlo Park, CA",KFIV Powertalk 1360 AM,http://powertalk1360.iheart.com/,
"Menlo Park, CA",The Almanac,http://www.almanacnews.com/,
"Menlo Park, CA","The Almanac: Menlo Park, Atherton, Portola Valley, Woodside",http://www.almanacnews.com/,
"Merced, CA",The Prodigy - UC Merced Newspaper,http://blogs.ucmerced.edu/prodigy/,
"Merced, CA",KMPH-CD Transmit 49,http://kmph-kfre.com/,
"Merced, CA",KGAM FM 106.3 Mapleton License,http://magia1063.com/,
"Merced, CA",KYOS AM 1480 Mapleton License,http://www.1480kyos.com/,
"Merced, CA",KTIQ AM 1660 Mapleton License/105.7 The Bear,http://www.925thebear.com/,
"Merced, CA",KABX-FM 97.5 Mapleton License,http://www.975kabx.com/,
"Merced, CA",KGDM-LP FM 105.3 Calvary Chapel,http://www.calvarychapelmerced.org/info.htm,
"Merced, CA",K244DV FM 96.7 and,http://www.capradio.org/,
"Merced, CA",K258AU FM 99.5 California State Univ,http://www.capradio.org/,
"Merced, CA",KAMB FM 101.5 Celebration Radio,http://www.celebrationradio.com/,
"Merced, CA",Merced County News Television,http://www.mcntvnews.com/,
"Merced, CA",Merced County Times,http://www.mercedcountytimes.net/,
"Merced, CA",Merced Sun-Star,http://www.mercedsunstar.com/,
"Merced, CA",KBKY FM 94.1 Radio Alfa y Omega,http://www.radioalfayomega941fm.com/,
"Merced, CA",KNSO Channel 51 NBC Telemundo License LLC,http://www.telemundo51fresno.com/,
"Mesquite, TX",The Mesquite News,http://starlocalmedia.com/mesquitenews/,
"Mesquite, TX",KEOM FM 88.5 Mesquite Independent School District,http://www.keom.fm/,
"Mesquite, TX",Mesquite Scanner,https://www.facebook.com/MesquiteScanner/,
"Milford, CT",WFIF AM 1500 K.W. Dolmar Religious,http://lifechangingradio.com/wfif/,
"Milford, CT",Milford Citizen,http://milfordcitizen.com/,Paper closed. No alternative URL
"Milford, CT",Milford Living Magazine,http://milfordliving.com/,
"Milford, CT",Milford Patch,http://patch.com/connecticut/milford,
"Milford, CT",Milford-Orange Bulletin,http://www.ctbulletin.com/,
"Milford, CT",Milford CT Blog,http://www.milfordctblog.com/,
"Milford, CT",Milford Mirror,http://www.milfordmirror.com/,
"Minnetonka, MN",Minnetonka Patch,http://patch.com/minnesota/minnetonka,
"Minnetonka, MN",Sun Sailor,http://sailor.mnsun.com/minnetonka/,
"Minnetonka, MN",Lakeshore Weekly News,http://www.swnewsmedia.com/lakeshore_weekly/,
"Miramar, FL",WSFS FM 104.3 Entercom Miami,http://www.1043theshark.com/,
"Miramar, FL",Ocean Style,http://www.myoceanstyle.com/,
"Miramar, FL",WSBZ FM 106.3 Carter Broadcasting,http://www.seabreeze.fm/,
"Miramar, FL",WDES-CD Transmit Channel 35 Beach TV,http://www.tripsmarter.com/,
"New Berlin, WI",New Berlin Now,http://www.newberlinnow.com/,
"Newnan, GA",WVCC AM 720,http://720thevoice.iheart.com/,
"Newnan, GA",WCOH AM 1400 Citicasters Licenses,http://foxsports1400.iheart.com/,
"Newnan, GA",Newnan Times-Herald,http://times-herald.com/,
"Newnan, GA",The Newnan-Coweta Magazine,http://times-herald.com/magazine,
"Newnan, GA",WNEA AM 1300 Word Christian,http://wordchristianbroadcasting.com/wnea/,
"Oviedo, FL",WONQ AM 1030 Flordia Broadcasters,http://1030lagrande.com/,
"Oviedo, FL",Heard in Central Flordia: CMF Public Media,http://cmfmedia.org/section/hcf/,
"Oviedo, FL",W288CJ FM 105.5 Penn. Media Associates,http://www.660theanswer.com/,
"Oviedo, FL",Seminole Voice,http://www.seminolevoice.com/,
"Owasso, OK",KTGX FM 106.1 Clear Channel,http://1061thetwister.iheart.com/,
"Owasso, OK",Owassoisms,http://www.owassoisms.com/,
"Owasso, OK",Owasso Reporter,http://www.tulsaworld.com/communities/owasso/,
"Oxford, AL",The Daily Mississipian (The DM Online): Univ of MS,http://thedmonline.com/,
"Oxford, AL",WVOK-FM 97.9 East Alabama's Fav. Music,http://www.979wvok.com/,
"Oxford, AL",Calhoun County Insight Magazine,http://www.calhouncountyinsight.com/,Monthly restaurant/nightlife mag. Produced by COC. Fine to exclude
"Oxford, AL",The Oxford Eagle,http://www.oxfordeagle.com/,
"Oxford, AL","W256BH FM 99.1 ""The Fox"" and",http://www.wfzxthefox.com/,
"Oxford, AL",WVOK AM 1580,http://www.wfzxthefox.com/,
"Oxford, AL",WTBJ FM 91.3 Trinity Christian Academy,http://www.wtbj.org/,
"Palmdale, CA",KUTY AM 1470 High Desert,http://highdesertbroadcasting.com/,
"Palmdale, CA",The Antelope Valley Times,http://theavtimes.com/,
"Palmdale, CA",Antelope Valley Press,http://www.avpress.com/,
"Palmdale, CA",El Sol Del Desierto,http://www.elsoldeldesiertoav.com/,
"Palmdale, CA",K241AJ FM 96.1 Family Stations,http://www.laquebuena961.com/,
"Palmdale, CA",K256BS (KODV) FM 99.1 Ondas,http://www.ondasdevida.com/,
"Palmdale, CA",K211EY (KHMS) FM 90.1 Faith Communications Corp.,http://www.sosradio.net/,
"Parma Heights, OH",The Parma Observer,http://www.parmaobserver.com/,
"Pasadena, CA",KROQ-FM 106.7 CBS Radio,http://kroq.cbslocal.com/,
"Pasadena, CA",The Pasadena/San Gabriel Valley Journal,http://pasadenajournal.com/,
"Pasadena, CA",Pasadena Magazine,http://pasadenamag.com/,
"Pasadena, CA",Pasadena Patch,http://patch.com/california/pasadena-ca,
"Pasadena, CA",KDIS AM 1110 Children's,http://radio.disney.com/,
"Pasadena, CA",KAZN AM 1300 Asian,http://www.am1300.com/,
"Pasadena, CA",Arroyo: Fine Living in the Greater Pasadena Area,http://www.arroyomonthly.com/,
"Pasadena, CA",Pasadena Now,http://www.pasadenanow.com/main/,
"Pasadena, CA",Pasadena Star-News,http://www.pasadenastarnews.com/,
"Pasadena, CA",Rose Magazine,http://www.pasadenastarnews.com/rose-parade,
"Pasadena, CA",Pasadena Weekly,http://www.pasadenaweekly.com/cms/index/,
"Pasadena, CA",PCC (Pasadena City College) Courier,http://www.pcccourier.com/,
"Pasadena, CA",KPCC FM 89.3 Pasadena Area Community College,http://www.scpr.org/,
"Paterson, NJ",WPAT-FM 93.1 WPAT Licensing,http://931amor.lamusica.com/,
"Paterson, NJ",Paterson Times,http://patersontimes.com/,
"Paterson, NJ",WPAT AM 930 Multicultural Radio Broadcasting,http://www.wpat930am.com/,
"Paterson, NJ",Patersonian TAP,https://www.tapinto.net/towns/paterson,
"Pearl, MS",WJNT AM 1180 Mississippi Talk Radio,http://www.wjnt.com/,
"Plainfield, IN",WUBG 98.3 Big 98.3,http://www.big983indy.com/,
"Plainfield, IN",WWDL 91.3 The Life FM,http://www.thelifefm.com/,
"Prichard, AL",WLPR 960,http://www.goforth.org/WLPR960/,
"Prichard, AL",WIJD 1270 Radio That Changes the Way You Live,http://www.wilkinsradio.com/,
"Quincy, IL",WLIQ 1530 AM,http://kickam1530.com/,
"Quincy, IL",WQUB 90.3,http://stlpublicradio.org/quincy/,
"Quincy, IL",WQIN LP 102.9,http://wqinfm.org/,
"Quincy, IL",KMDY W209 ch 89.7,http://www.kmdy.org/,
"Quincy, IL",WQEC West Central Illinois Educational Channel 34,http://www.networkknowledge.tv/,
"Quincy, IL",WQCY FM 103.8,http://www.q104wqcy.com/,
"Quincy, IL",WCOY 99.5,http://www.wcoy.com/,
"Quincy, IL",WGCA 88.5 FM,http://www.wgca.org/,
"Quincy, IL",WGEM Channel 10,http://www.wgem.com/,
"Quincy, IL",WGEM 1440 AM,http://www.wgem.com/,
"Quincy, IL",WGEM 105.1,http://www.wgem.com/,
"Quincy, IL",Quincy Herald Whig,http://www.whig.com/,
"Quincy, IL",WQJC LP 107.9,http://wqjcfm.myfreesites.net/,New URL
"Quincy, IL",WTAD 930 AM,http://www.wtad.com/,
"Quincy, IL",WTJR Christian TV Network Channel 32,http://www.wtjr.org/,
"Rexburg, ID",BYUI Scroll,http://byuiscroll.org/,
"Rexburg, ID",K43JD-D Channel 43,http://idahoptv.org/,
"Rexburg, ID",KIDJ 106.3 KID NewsRadio,http://www.590kid.com/,
"Rexburg, ID",KBYI 94.3,http://www.byui.edu/kbyi/,
"Rexburg, ID",KBYR-FM 91.5,http://www.byui.edu/kbyr/,
"Rexburg, ID",K201IG 88.1 Your Ear to the World,http://www.isu.edu/kisufm/,
"Rexburg, ID",K13UF-D Channel 13,http://www.kpvi.com/,
"Rexburg, ID",KUPI-FM 99.1 King of Country,http://www.kupi99.com/,
"Rexburg, ID",K22IK-D Channel 22,http://www.localnews8.com/,
"Rexburg, ID",KIDK Channel 8,http://www.localnews8.com/,
"Rexburg, ID",Standard Journal,http://www.rexburgstandardjournal.com/,
"Rexburg, ID",K40KB Channel 40,http://www.tbn.org/,
"Rock Hill, SC",WNSC-FM; Carolina's Jazz 88.9,http://www.etvradio.org/,
"Rock Hill, SC",WMYT-TV Channel 55,http://www.fox46charlotte.com/,
"Rock Hill, SC",The Herald,http://www.heraldonline.com/,
"Rock Hill, SC",WNSC Channel 30,http://www.scetv.org/,
"Rock Hill, SC",WRHJ-LP 93.1,http://www.southsidebaptistrh.org/,
"Rock Hill, SC",W232AX 94.3,http://www.wrhi.com/,
"Rock Hill, SC",WYTX-LP 98.5,http://wytx.fm/,
"Rock Island, IL",WGVV-LP 92.5 Groove 92.5,http://www.groove925.com/,
"Rock Island, IL",WLKU 98.9 K-Love,http://www.klove.com/,
"Rock Island, IL",WKBF 1270 La Jefa 1270,http://www.lajefa1270.com/,
"Rock Island, IL",WVIK 90.3 Augustana Public Radio,http://www.wvik.org/,
"Royal Oak, MI",Royal Oak Patch,http://patch.com/michigan/royaloak,
"Royal Oak, MI",WEXL 1340 The Gospel Station,http://wexl1340.com/,
"Royal Oak, MI",Daily Tribune,http://www.dailytribune.com/,
"Royal Oak, MI",DetroitWonk,http://www.detroitwonk.com/,
"Searcy, AR",KLUY 107.3,http://www.klove.com/,
"Searcy, AR",KSMD 1300,http://www.kwck999.com/,
"Searcy, AR",KWCK-FM 99.9 Quick 99.9,http://www.kwck999.com/,
"Searcy, AR",K293CE 106.5,http://www.kwck999.com/,
"Searcy, AR",Searcy Living,http://www.searcyliving.net/,
"Searcy, AR",The Daily Citizen,http://www.thedailycitizen.com/,
"Slidell, LA",WGON-LP 103.7,http://graceradioofslidell.net/,
"Slidell, LA",Slidell Independent,http://slidell-independent.com/,
"Slidell, LA",The Tammany West,http://tammanywest.com/,
"Slidell, LA",WSLA 1560 Talk Radio,http://wslaradio.com/,
"Slidell, LA",K250BA 97.9 K-Love,http://www.klove.com/,
"Slidell, LA",WGON 89.1 Lifesongs 89.1,http://www.lifesongs.com/,
"Slidell, LA",WUPL Channel 24,http://www.wupltv.com/,
"Spartanburg, SC",WHRZ LP 104.1,http://thez.com/,
"Spartanburg, SC",WSPA TV Channel 7,http://wspa.com/,
"Spartanburg, SC",W246 BU 97.1,http://www.espnupstate.com/,
"Spartanburg, SC",Spartanburg Herald,http://www.goupstate.com/,
"Spartanburg, SC",Spartanburg Herald-Journal,http://www.goupstate.com/,
"Spartanburg, SC",W231 BA 94.1,http://www.hot981.com/,
"Spartanburg, SC",WSPA FM 98.9,http://www.magic989.com/,
"Spartanburg, SC",WRET Channel 49,http://www.scetv.org/,
"Spartanburg, SC",WXPS LP 92.1,http://www.soundoftruthradio.org/,
"Spartanburg, SC",Spartan Weekly News,http://www.spartanweeklyonline.com/,
"Spartanburg, SC",Update Shopper,http://www.theupstateshopper.com/,
"Spartanburg, SC",WOLI 910,http://activanetwork.com/greenville/,Now part of Spanish-language network
"Spartanburg, SC",W289 BS 105.7,http://activanetwork.com/greenville/,Now part of Spanish-language network
"Springville, UT",Serve Daily,http://servedaily.com/,
"St. Cloud, FL",Orange Peel Gazette,http://opgazetteinc.com/,
"St. Cloud, FL",Osceola Woman,http://osceolawoman.com/,
"St. Cloud, FL",WIWA 1160 La Estacion Del Pueblo,http://www.laestaciondelpueblo.com/,
"St. Cloud, FL",St. Cloud in the News,http://www.scinthenews.com/,
"Stamford, CT",Hey Stamford,http://heystamford.com/,
"Stamford, CT",Stamford Patch,http://patch.com/connecticut/stamford,
"Stamford, CT",Serendipity Magazine,http://serendipitysocial.com/,
"Stamford, CT",Stamford Daily Voice,http://stamford.dailyvoice.com/,
"Stamford, CT",Stamford Downtown Events,http://stamforddowntownevents.blogspot.com/,
"Stamford, CT",WEDW-FM 88.5,http://wnpr.org/,
"Stamford, CT",WSTC 1400,http://wshu.org/,
"Stamford, CT",W211AI 90.1 News & Classical Music,http://wshu.org/,
"Stamford, CT",El Sol,http://www.elsolnews.com/,
"Stamford, CT",Stamford Advocate,http://www.stamfordadvocate.com/,
"Stamford, CT",Stamford Plus,http://www.stamfordplus.com/,
"State College, PA",WQCK-FM1 105.9 105.9/106.9 Lion Country's Rock Station,http://1059qwikrock.com/,
"State College, PA",Onward State,http://onwardstate.com/,
"State College, PA",Voices of Central Pennsylvania,http://voicesweb.org/,
"State College, PA",W42DG-D Channel 42,http://wjactv.com/,
"State College, PA",W36BE-D Channel 36,http://wnep.com/,
"State College, PA",WQWK 1450 ESPN Radio 1450,http://www.1450espnradio.com/,
"State College, PA",WBHV-FM 94.5 B-94.5,http://www.b945live.com/,
"State College, PA",Centre Daily Times,http://www.centredaily.com/,
"State College, PA",Daily Collegian,http://www.collegian.psu.edu/,
"State College, PA",WKDN-FM 106.9,http://www.familyradio.org/,
"State College, PA",W268BB 101.5 Family Life Network,http://www.fln.org/,
"State College, PA",WFGE 101.1 Froggy 101,http://www.froggy101fm.com/,
"State College, PA",WAPY 103.1 Happy 103.1,http://www.happy1031.com/,
"State College, PA",WRYV-FM1 88.7 Central Pennsylvania's RevFM,http://www.revfm.net/,
"State College, PA",WRXV 89.1 Central Pennsylvania's RevFM,http://www.revfm.net/,
"State College, PA",StateCollege.com,http://www.statecollege.com/,
"State College, PA",State College Magazine,http://www.statecollegemagazine.com/,
"State College, PA",WKPS 90.7 The Lion 90.7 FM,http://www.thelion.fm/,
"State College, PA",Valley Magazine,http://www.valleymagazinepsu.com/,
"State College, PA",W269BZ 101.7 Christian Music Group,http://www.wgrc.com/,
"State College, PA",WHVL-LD Channel 27,http://www.whvl.com/,
"State College, PA",WPSU Public Radio 91.5,http://www.wpsu.org/,
"State College, PA",WRSC 1390 NewsRadio 1390,http://www.wrscfm.com/,
"State College, PA",WTLR 89.9 Way Truth Life Radio,http://www.wtlr.org/,
"Stockton, CA",KSTN 105.9,http://1059thebull.com/,
"Stockton, CA",K290AG 105.9,http://1059thebull.com/,
"Stockton, CA",Central Valley Business Journal,http://cvbj.biz/,
"Stockton, CA",KWG 1230,http://ihradio.com/,
"Stockton, CA",Latino Times,http://latinotimes.org/,
"Stockton, CA",KWSX 1280,http://powertalk1280.iheart.com/,
"Stockton, CA",KJOY 99.3,http://www.993kjoy.com/,
"Stockton, CA",KUOP 91.3,http://www.capradio.org/,
"Stockton, CA",Caravan News,http://www.caravannews.com/,
"Stockton, CA",K259AU 99.7,http://www.csnradio.com/,
"Stockton, CA",K287BS 105.3,http://www.familyradio.com/,
"Stockton, CA",K275BT 107.3,http://www.klove.com/,
"Stockton, CA",KWDC-LP 93.5,http://www.kwdcradio.org/,
"Stockton, CA",KYCC 90.1,http://www.kycc.org/,
"Stockton, CA",KQOD 100.1 MegaFM,http://www.mega100online.com/,
"Stockton, CA",The Record,http://www.recordnet.com/,
"Stockton, CA",Bilingual Weekly,https://bilingualweekly.wordpress.com/,
"Strongsville, OH",Strongsville Patch,http://patch.com/ohio/strongsville,
"Surprise, AZ",K214DN 90.7 Air 1,http://www.air1.com/,
"Surprise, AZ",Surprise Today,http://www.yourwestvalley.com/your_town/surprise/,
"Texarkana, AR",KOSY 790 Rejoice Musical Soul Food,http://kosy790am.com/,
"Texarkana, AR",KKLT 89.3 K-Love,http://www.klove.com/,
"Texarkana, AR",KTEV-LP Channel 19,http://www.ktev-tv.com/,
"Texarkana, AR",KTOY 104.7 Jammin' 104,http://www.ktoy1047.com/,
"Texarkana, AR",KYGL 106.3 Eagle 106.3,http://www.kygl.com/,
"Texarkana, TX",K41EQ-D Channel 41,http://3abn.org/,
"Texarkana, TX",KKYR-FM 102.5 Kicker 102.5,http://kkyr.com/,
"Texarkana, TX",KTXK 91.5 Fine Arts Radio,http://ktxk.org/,
"Texarkana, TX",TXKtoday,http://txktoday.com/,
"Texarkana, TX",K257FY 101.7 Hot FM,http://www.1017hotfm.com/,
"Texarkana, TX",KTAL-FM 98.1 98 Rocks - Home of Rock 'n' Roll,http://www.98rocks.fm/,
"Texarkana, TX",KTAL-TV Channel 15,http://www.arklatexhomepage.com/,
"Texarkana, TX",KKTK 1400 Fox Sports Texarkana,http://www.foxsportstexarkana.com/,
"Texarkana, TX",K220JR 91.9 Radio Amistad,http://www.radioamistad.net/,
"Texarkana, TX",K30EA Channel 30,http://www.tbn.org/,
"Texarkana, TX",Texarkana Gazette,http://www.texarkanagazette.com/,
"Texarkana, TX",KTFS 740 Talk Radio 740,http://www.texarkanaradio.com/,
"Thornton, CO",Thornton's YourHub.com,http://yourhub.denverpost.com/blog/category/adams-county/thornton/,New URL
"Thornton, CO",KDSP 760 Denver Sports 760,http://www.denversports760.com/,
"Tracy, CA",KAIS 90.7 Air 1,http://www.air1.com/,
"Tracy, CA",Tracy Press,http://www.goldenstatenewspapers.com/tracy_press/,
"Tracy, CA",KKIQ-FM2 101.7 Your Hometown Station,http://www.kkiq.com/,
"Tracy, CA",KMIX 100.9 Radio Tricolor,http://www.tricolor1009.com/,
"Utica, NY",Fault Lines,http://strikeslip.blogspot.com/,
"Utica, NY",Utica Phoenix,http://uticaphoenix.net/,
"Utica, NY",WIBX 950,http://wibx950.com/,
"Utica, NY",WFRG-FM 104.3 Big Frog 104,http://www.bigfrog104.com/,
"Utica, NY",WFXV Channel 27,http://www.cnyhomepage.com/,
"Utica, NY",WUTR Channel 30,http://www.cnyhomepage.com/,
"Utica, NY",WTLB 1310,http://www.espncny.com/,
"Utica, NY",W256AJ 99.1 ESPN Radio - The Pulse of the Orange,http://www.espncny.com/,
"Utica, NY",WKVU 107.3 K-Love,http://www.klove.com/,
"Utica, NY",WLZW 98.7 Lite 98.7,http://www.lite987.com/,
"Utica, NY",Nowiny Rekord,http://www.nowiny24.pl/,
"Utica, NY",WPNR-FM 90.7 Power 90.7 FM,http://www.utica.edu/student/activities/organizations/wpnr/index.cfm,
"Utica, NY",WPNY-LP Channel 11 My WPNY TV,http://www.utica.tv/,
"Utica, NY",Observer-Dispatch,http://www.uticaod.com/,
"Utica, NY",W22DO-D Channel 22,http://www.wcny.org/,
"Utica, NY",W59AU Channel 59,http://www.wcny.org/,
"Utica, NY",WUNY 89.5 Classic FM,http://www.wcny.org/,
"Utica, NY",WKTV Channel 29,http://www.wktv.com/,
"Utica, NY",WOUR 96.9 The Best Classic Rock,http://www.wour.com/,
"Utica, NY",WRVN 91.9 Public Radio Music Source,http://www.wrvo.com/,
"Utica, NY",WUSP 1550,http://www.wuspfm.com/,
"Utica, NY",W238CA 95.5,http://www.wuspfm.com/,
"Utica, NY",WUTQ-FM 100.7,http://www.wutqfm.com/,
"Vacaville, CA",KVCB-LP Vacaville Christian Schools (100.9),http://kvcb-online.com/,
"Vacaville, CA",KUIC (95.3),http://www.kuic.com/,
"Vacaville, CA",Reporter,http://www.thereporter.com/,
"Valley Stream, NY",Valley Stream Herald,http://liherald.com/valleystream/,
"Visalia, CA",KFSO-FM 92.9 La Preciosa,http://fresno.lapreciosa.com/,
"Visalia, CA",KMPH-TV Channel 28,http://kmph-kfre.com/,
"Visalia, CA",KFAZ-CA Channel 18 Azteca America,http://www.kmsgtv.com/,
"Visalia, CA",KMCF-LD Channels 35 and 47 Azteca America,http://www.kmsgtv.com/,
"Visalia, CA",KNXT Channel 50 Catholic Television,http://www.knxt.tv/,
"Visalia, CA",KVLP-LP 101.5,http://www.kvlp.org/,
"Visalia, CA",K248BX 97.5 My 97.5,http://www.my975fm.com/,
"Visalia, CA",KARM 89.7 Promise FM,http://www.mypromisefm.com/,
"Visalia, CA",KRZR 1400 Power Talk 96.7,http://www.powertalk967.com/,
"Visalia, CA",KSEQ 97.1 Fresno's #1 Hip-Hop Station,http://www.q97.com/,
"Visalia, CA",KDUV 88.9 Spirit 88.9,http://www.spirit889.com/,
"Visalia, CA",Visalia Times-Delta,http://www.visaliatimesdelta.com/,
"Walnut Creek, CA",KGMZ-FM1 95.7 The Game,http://www.957thegame.com/,
"Walnut Creek, CA",KMVQ-FM3 99.7 Now,http://www.997now.com/,
"Walnut Creek, CA",Contra Costa Times,http://www.contracostatimes.com/,
"Walnut Creek, CA",KKDV 92.1 Diablo Valley's Hometown Station,http://www.kkdv.com/,
"Walnut Creek, CA",KMEL-FM2 106.1 The People's Station,http://www.kmel.com/,
"Walnut Creek, CA",KITS-FM1 105.3 Live 105 New Rock Alterna,http://www.live105.com/,
"Walnut Creek, CA",Rossmoor News,http://www.rossmoornews.com/,
"Walnut Creek, CA","KIOI-FM1 101.3 Star 101 - 80's, 90's, & Now",http://www.star1013fm.com/,
"West Allis, WI",WJTI 1460,http://www.979radio.com/,New URL. Stations are duopoly
"West Allis, WI",W250BN 97.9,http://www.979radio.com/,New URL. Stations are duopoly
"West Allis, WI",West Allis NOW,http://www.westallisnow.com/,
"West Bend, WI",Daily News,http://www.dailynewsol.com/,Paper not available online
"West Bend, WI",WBKV 1470 Kool Variety 1470,http://www.wbkvam.com/,
"West Bend, WI",West Bend Current,https://westbendcurrent.com/,
"West Covina, CA",KALI Radio Zion,http://www.kali900am.com/,
"West Covina, CA",KRCV 98.3 Recuerdo 98.3,http://www.recuerdo983.com/,
"Willoughby, OH",The News-Herald,http://www.news-herald.com/,
"Willoughby, OH",WINT 1330 Integrity Radio,http://www.wintradio.com/,
"Winona, MN",K270AB 101.9,http://minnesota.publicradio.org/radio/stations/kzseklse/,
"Winona, MN",W297AW 107.3,http://minnesota.publicradio.org/radio/stations/kzseklse/,
"Winona, MN",K203BR 88.5 Beautiful Sacred Music,http://www.kfsi.org/,
"Winona, MN",K280EI 103.9 Kq 98 Hot Country,http://www.kq98.com/,
"Winona, MN",KQAL 89.5 Your Radio Alternative,http://www.kqal.org/,
"Winona, MN",Winona Daily News,http://www.winonadailynews.com/,
"Winona, MN",Winona Post,http://www.winonapost.com/,
"Winona, MN",KWNO 1230 AM 12 3 Oh,http://www.winonaradio.com/,
"Winona, MN",KAGE 1380 Kg Country,http://www.winonaradio.com/,
"Winona, MN",KGSL 95.3 KG-95.3,http://www.winonaradio.com/,
"Winona, MN",KRIV-FM 101.1 The River,http://www.winonaradio.com/,
"Woodbury, MN",Woodbury Patch,http://patch.com/minnesota/woodbury,
"Woodbury, MN",Woodbury Bulletin,http://www.woodburybulletin.com/,
"Woodstock, GA",Woodstock-Towne Lake Patch,http://patch.com/georgia/woodstock,
"Woodstock, GA",W265AV 100.9 The Bull,http://www.949thebull.com/,
"Woodstock, GA",W201DM 88.1 Good Words Good Music,http://www.csnradio.com/,
"Woodstock, GA",Cherokee Trubine & Ledger-News,http://www.tribuneledgernews.com/local_news/,
"Wyoming, MI",El Informador,http://www.elinformadorusa.com/,
"Wyoming, MI",WYCE 88.1 Independent Community Radio,http://www.wyce.org/,
"Wyoming, MI",WYGR 1530 The Pulse of the City,http://www.wygr.net/,
"Wyoming, MI",WZZM My Town,http://wyoming.wzzm13.com/,
"Yakima, WA",KYVT 88.5 Northwest Public Radio,http://nwpr.org/,
"Yakima, WA",KXDD 104.1 12 in a Row Country,http://www.1041kxdd.com/,
"Yakima, WA",KUTI 1460 ESPN Yakima,http://www.1460espnyakima.com/,
"Yakima, WA",K210CX 89.9,http://www.air1.com/,
"Yakima, WA",KYYR-LP 97.9 The Bridge,http://www.ccyakimavalley.com/the-bridge/,
"Yakima, WA",K218CX 91.5 Good Words Good Music,http://www.csnradio.com/,
"Yakima, WA",KATS 94.5 Home of Classic Rock n' Roll,http://www.katsfm.com/,
"Yakima, WA",KDNA 91.9 La Voz del Campesino,http://www.kdna.org/,
"Yakima, WA",KFFM 107.3 Today's Hit Music,http://www.kffm.com/,
"Yakima, WA",K205FT 88.9 Christian Family Radio,http://www.kolu.com/,
"Yakima, WA",KYAK 930 Yakima's Christian Voice,http://www.kyak.com/,
"Yakima, WA",KHHK 99.7 Hot 99.7,http://www.newhot997.com/,
"Yakima, WA",KIT 1280 Newstalk KIT,http://www.newstalkkit.com/,
"Yakima, WA",KNWY 90.3 Northwest Public Radio,http://www.nwpr.org/,
"Yakima, WA",KYPL 91.1 Positive Life Radio,http://www.plr.org/,
"Yakima, WA",KYRF-LP 107.9,http://www.tabernaculodelafeyakima.org/,
"Yakima, WA",KBBO 1390 The Fan,http://www.thefanyakima.com/,
"Yakima, WA",KRSE 105.7 The Hawk,http://www.thehawkyakima.com/,
"Yakima, WA",Yakima Herald-Republic,http://www.yakimaherald.com/,
"Yakima, WA",Yakima Magazine,http://www.yakimamagazine.com/,